{"lr": 0.009888275582351072, "data_time": 0.03301858901977539, "loss": 2.2077388366063437, "decode.loss_ce": 1.5466052293777466, "decode.acc_seg": 68.99630737304688, "aux.loss_ce": 0.6611335972944895, "aux.acc_seg": 61.577510833740234, "time": 6.2223570346832275, "iter": 6, "memory": 20073, "step": 6}
{"aAcc": 75.9, "mIoU": 22.55, "mAcc": 30.59, "data_time": 0.09300990538163618, "time": 0.7105519121343439, "step": 10}
{"lr": 0.009574685988728826, "data_time": 0.3965363264083862, "loss": 0.9998144030570983, "decode.loss_ce": 0.6363009929656982, "decode.acc_seg": 82.34683990478516, "aux.loss_ce": 0.36351342499256134, "aux.acc_seg": 81.3932876586914, "time": 1.590697693824768, "iter": 20, "memory": 19995, "step": 20}
{"aAcc": 82.08, "mIoU": 26.57, "mAcc": 32.32, "data_time": 0.007264137268066406, "time": 0.09550664822260539, "step": 20}
{"aAcc": 78.97, "mIoU": 31.12, "mAcc": 42.49, "data_time": 0.007144014040629069, "time": 0.09509132305781047, "step": 30}
{"lr": 0.009124680575036301, "data_time": 0.4152766227722168, "loss": 0.5948829174041748, "decode.loss_ce": 0.3861608445644379, "decode.acc_seg": 86.28340148925781, "aux.loss_ce": 0.20872207283973693, "aux.acc_seg": 78.344970703125, "time": 1.6072481155395508, "iter": 40, "memory": 19996, "step": 40}
{"aAcc": 85.43, "mIoU": 36.38, "mAcc": 42.08, "data_time": 0.007339040438334147, "time": 0.09564799070358276, "step": 40}
{"aAcc": 84.09, "mIoU": 37.48, "mAcc": 45.14, "data_time": 0.008437414964040121, "time": 0.09978582461675008, "step": 50}
{"lr": 0.008672166814264833, "data_time": 0.4526488780975342, "loss": 0.638787230849266, "decode.loss_ce": 0.4250585436820984, "decode.acc_seg": 81.01546478271484, "aux.loss_ce": 0.2137286841869354, "aux.acc_seg": 83.06169128417969, "time": 1.652064323425293, "iter": 60, "memory": 19995, "step": 60}
{"aAcc": 86.98, "mIoU": 36.41, "mAcc": 41.12, "data_time": 0.007489184538523356, "time": 0.0967212716738383, "step": 60}
{"aAcc": 83.35, "mIoU": 38.22, "mAcc": 49.02, "data_time": 0.008137881755828857, "time": 0.09735218683878581, "step": 70}
{"lr": 0.008216981739814604, "data_time": 0.426050591468811, "loss": 0.5710839927196503, "decode.loss_ce": 0.38095112293958666, "decode.acc_seg": 85.62451934814453, "aux.loss_ce": 0.19013286009430885, "aux.acc_seg": 86.88397216796875, "time": 1.6291941404342651, "iter": 80, "memory": 19995, "step": 80}
{"aAcc": 83.45, "mIoU": 39.21, "mAcc": 50.26, "data_time": 0.008864184220631918, "time": 0.09832626581192017, "step": 80}
{"aAcc": 89.33, "mIoU": 50.39, "mAcc": 56.08, "data_time": 0.0073984066645304365, "time": 0.09554392099380493, "step": 90}
{"lr": 0.00775894088961928, "data_time": 0.4566053867340088, "loss": 0.5090257436037063, "decode.loss_ce": 0.3374259740114212, "decode.acc_seg": 91.53349304199219, "aux.loss_ce": 0.17159977182745934, "aux.acc_seg": 88.37969207763672, "time": 1.6544161319732666, "iter": 100, "memory": 19994, "step": 100}
{"aAcc": 90.27, "mIoU": 58.23, "mAcc": 66.83, "data_time": 0.007927934328715006, "time": 0.09717319409052531, "step": 100}
{"aAcc": 90.39, "mIoU": 57.4, "mAcc": 64.64, "data_time": 0.00701741377512614, "time": 0.09551030397415161, "step": 110}
{"lr": 0.0072978338370607585, "data_time": 0.04411897659301758, "loss": 0.4344657748937607, "decode.loss_ce": 0.28190953433513644, "decode.acc_seg": 88.3498764038086, "aux.loss_ce": 0.1525562398135662, "aux.acc_seg": 82.47843170166016, "time": 1.245171594619751, "iter": 120, "memory": 19995, "step": 120}
{"aAcc": 85.23, "mIoU": 53.45, "mAcc": 67.69, "data_time": 0.00840151309967041, "time": 0.09693266948064168, "step": 120}
{"aAcc": 92.37, "mIoU": 61.11, "mAcc": 67.65, "data_time": 0.009063978989919027, "time": 0.0996119777361552, "step": 130}
{"lr": 0.006833418403575648, "data_time": 0.4618352174758911, "loss": 0.30203982144594194, "decode.loss_ce": 0.19254834949970245, "decode.acc_seg": 93.65657043457031, "aux.loss_ce": 0.10949147120118141, "aux.acc_seg": 92.12261199951172, "time": 1.658645510673523, "iter": 140, "memory": 19995, "step": 140}
{"aAcc": 90.27, "mIoU": 54.45, "mAcc": 59.75, "data_time": 0.007419904073079427, "time": 0.09710486729939778, "step": 140}
{"aAcc": 92.22, "mIoU": 62.57, "mAcc": 69.13, "data_time": 0.008187214533487955, "time": 0.09830705324808757, "step": 150}
{"lr": 0.0063654130312297205, "data_time": 0.4538400173187256, "loss": 0.3727307230234146, "decode.loss_ce": 0.23658345341682435, "decode.acc_seg": 94.51878356933594, "aux.loss_ce": 0.13614726737141608, "aux.acc_seg": 91.54032135009766, "time": 1.6643675327301026, "iter": 160, "memory": 19995, "step": 160}
{"aAcc": 94.04, "mIoU": 63.52, "mAcc": 73.92, "data_time": 0.0075034697850545245, "time": 0.09732335805892944, "step": 160}
{"aAcc": 90.92, "mIoU": 56.38, "mAcc": 63.69, "data_time": 0.006971776485443115, "time": 0.09636189540227254, "step": 170}
{"lr": 0.005893486525503868, "data_time": 0.03959901332855224, "loss": 0.3491825073957443, "decode.loss_ce": 0.22311253547668458, "decode.acc_seg": 92.22281646728516, "aux.loss_ce": 0.12606996819376945, "aux.acc_seg": 88.55877685546875, "time": 1.2427278995513915, "iter": 180, "memory": 19995, "step": 180}
{"aAcc": 88.73, "mIoU": 58.18, "mAcc": 67.93, "data_time": 0.008024791876475016, "time": 0.09884774684906006, "step": 180}
{"aAcc": 92.74, "mIoU": 63.61, "mAcc": 71.9, "data_time": 0.00834129254023234, "time": 0.09819239377975464, "step": 190}
{"lr": 0.005417243935256485, "data_time": 0.45892245769500734, "loss": 0.28857611417770385, "decode.loss_ce": 0.18488621413707734, "decode.acc_seg": 91.59494018554688, "aux.loss_ce": 0.10368989929556846, "aux.acc_seg": 92.5040512084961, "time": 1.6569981813430785, "iter": 200, "memory": 19995, "step": 200}
{"aAcc": 92.9, "mIoU": 62.39, "mAcc": 69.35, "data_time": 0.00830980141957601, "time": 0.09809515873591106, "step": 200}
{"aAcc": 89.6, "mIoU": 61.29, "mAcc": 70.72, "data_time": 0.0076044003168741865, "time": 0.09716244538625081, "step": 210}
{"lr": 0.004936206574095336, "data_time": 0.042211389541625975, "loss": 0.3679766610264778, "decode.loss_ce": 0.23533964306116104, "decode.acc_seg": 87.36956787109375, "aux.loss_ce": 0.13263701274991035, "aux.acc_seg": 81.0376968383789, "time": 1.2515844821929931, "iter": 220, "memory": 19996, "step": 220}
{"aAcc": 90.53, "mIoU": 61.59, "mAcc": 72.45, "data_time": 0.007433931032816569, "time": 0.0962836742401123, "step": 220}
{"aAcc": 92.89, "mIoU": 64.13, "mAcc": 72.33, "data_time": 0.007458329200744629, "time": 0.0979547103246053, "step": 230}
{"lr": 0.0044497828123124744, "data_time": 0.5227627754211426, "loss": 0.280777807533741, "decode.loss_ce": 0.18313412070274354, "decode.acc_seg": 95.34806060791016, "aux.loss_ce": 0.09764368832111359, "aux.acc_seg": 92.23635864257812, "time": 1.7212297439575195, "iter": 240, "memory": 19994, "step": 240}
{"aAcc": 93.75, "mIoU": 65.07, "mAcc": 73.73, "data_time": 0.00863035519917806, "time": 0.0988306999206543, "step": 240}
{"aAcc": 94.35, "mIoU": 67.4, "mAcc": 75.71, "data_time": 0.008598705132802328, "time": 0.09933326641718547, "step": 250}
{"lr": 0.0039572236471537466, "data_time": 0.5233262777328491, "loss": 0.27709990441799165, "decode.loss_ce": 0.17780021578073502, "decode.acc_seg": 95.21256256103516, "aux.loss_ce": 0.0992996871471405, "aux.acc_seg": 94.58259582519531, "time": 1.7326336145401, "iter": 260, "memory": 19996, "step": 260}
{"aAcc": 94.99, "mIoU": 67.55, "mAcc": 72.1, "data_time": 0.008350292841593424, "time": 0.09913976987202962, "step": 260}
{"aAcc": 95.28, "mIoU": 68.43, "mAcc": 72.86, "data_time": 0.006670455137888591, "time": 0.09543269872665405, "step": 270}
{"lr": 0.003457551709350542, "data_time": 0.43053126335144043, "loss": 0.24330359995365142, "decode.loss_ce": 0.15778892114758492, "decode.acc_seg": 91.86367797851562, "aux.loss_ce": 0.08551467992365361, "aux.acc_seg": 92.50566864013672, "time": 1.6331791639328004, "iter": 280, "memory": 19995, "step": 280}
{"aAcc": 85.74, "mIoU": 59.68, "mAcc": 73.5, "data_time": 0.006761670112609863, "time": 0.09775255123774211,